"user_id","name","Tipo_organismo","followers_count","profile_image_url","color"
"1204088748645978125","A_Carambia","HCDN","176","http://pbs.twimg.com/profile_images/1204089585338343425/NHCnYYZD_normal.jpg","violet"
"841757182257463296","Adriana_Ruarte","HCDN","1040","http://pbs.twimg.com/profile_images/1270010134681583618/pXIR_MZq_normal.jpg","yellow"
"1277698598860476418","AgenciaAfi","PEN","2457","http://pbs.twimg.com/profile_images/1277698875684466691/REbhEZF-_normal.jpg","lightblue"
"166177152","AgriculturaAR","PEN","161723","http://pbs.twimg.com/profile_images/1332519857108217856/mGNOAXTH_normal.jpg","lightblue"
"175273213","AgustinLaje","OTRXS","427818","http://pbs.twimg.com/profile_images/1332364353757122561/0hZ_EyRr_normal.jpg","slategrey"
"39276894","AidaAyala","HCDN","8382","http://pbs.twimg.com/profile_images/950827912776880131/WULNqKK__normal.jpg","yellow"
"297784596","AlciraArgumedo","OTRXS","87831","http://pbs.twimg.com/profile_images/929396144278507521/6ygs4eqz_normal.jpg","violet"
"2204038493","AldoAdolfoLeiva","HCDN","2307","http://pbs.twimg.com/profile_images/629652043976810496/q2Ux5af7_normal.jpg","lightblue"
"2478397800","AleBermejoMza","HCDN","7680","http://pbs.twimg.com/profile_images/1282738705455886343/RY1bT4r__normal.jpg","lightblue"
"154731462","Ale_Bodart","OTRXS","23896","http://pbs.twimg.com/profile_images/1128012984071196674/oNNLgFlP_normal.png","red"
"966652940982390784","AlejandraObeid","HCDN","1614","http://pbs.twimg.com/profile_images/1325573210910363654/bsyaq-2F_normal.jpg","lightblue"
"1351611218","Alfreschiavoni","HCDN","5794","http://pbs.twimg.com/profile_images/1146795148724117504/Fs6PXjNs_normal.png","yellow"
"1196629821515862016","AliAparicioOK","HCDN","734","http://pbs.twimg.com/profile_images/1196630680781889536/mhMEWu8r_normal.jpg","lightblue"
"1142881950874722306","AliciaTerada_","HCDN","1542","http://pbs.twimg.com/profile_images/1142895199535992834/MndiuJNr_normal.jpg","yellow"
"794738992315060224","AlmaSapag","HCDN","1541","http://pbs.twimg.com/profile_images/1212736589996199936/RTerBkmd_normal.jpg","violet"
"1223265849219407873","AlumeKarim","HCDN","495","http://pbs.twimg.com/profile_images/1223267164574167040/bZyLTztl_normal.jpg","lightblue"
"155434166","AmelieGranata","PROVINCIAL","2162552","http://pbs.twimg.com/profile_images/1013528632848015361/4lDt2R3O_normal.jpg","violet"
"588761482","AnaAlmironCtes","HSN","5056","http://pbs.twimg.com/profile_images/1285749535483088897/v5Y6rbCG_normal.jpg","lightblue"
"1641872756","AnaMariaIanni","HSN","3557","http://pbs.twimg.com/profile_images/940965275226333185/nNxFa5ZI_normal.jpg","lightblue"
"1574367007","AndresZottos","HCDN","2932","http://pbs.twimg.com/profile_images/1015425656807620609/-ieth2FA_normal.jpg","blue"
"259681081","AntonioBonfatti","OTRXS","83504","http://pbs.twimg.com/profile_images/1107759867069120512/8wXgkK9w_normal.png","red"
"1007843263","AntonioRodas8","HSN","1179","http://pbs.twimg.com/profile_images/1143516412289441793/LGhpga_q_normal.jpg","lightblue"
"1691697295","ArabelaCarreras","PROVINCIAL","8650","http://pbs.twimg.com/profile_images/1356571989515894786/3ePSCo_M_normal.jpg","violet"
"1150985175582609408","AscarateLidia","HCDN","1726","http://pbs.twimg.com/profile_images/1152992786586701824/yt8ELwBo_normal.jpg","yellow"
"1074441014625124352","AvanzaLibertad_","OTRXS","22437","http://pbs.twimg.com/profile_images/1338113484303847425/OICbKc0P_normal.jpg","slategrey"
"890392375851438080","AyelenSposito","HCDN","1678","http://pbs.twimg.com/profile_images/1208043458990157824/u23z3kmZ_normal.jpg","lightblue"
"500964169","BAProvincia","PROVINCIAL","111660","http://pbs.twimg.com/profile_images/1332665769436602369/QGrmrEEj_normal.jpg","lightblue"
"2516650610","BancoCentral_AR","PEN","129135","http://pbs.twimg.com/profile_images/1032682025684271104/tMi3n9V5_normal.jpg","lightblue"
"3005444542","BeatrizMirkinOk","HSN","5087","http://pbs.twimg.com/profile_images/1368958783712620548/AOM4RgP7_normal.jpg","lightblue"
"201924584","Beatriz_AvilaOK","HCDN","5641","http://pbs.twimg.com/profile_images/1332426434133061639/8aWlMN4t_normal.jpg","violet"
"188159659","BlancaOsunaOK","HCDN","7398","http://pbs.twimg.com/profile_images/1280652687944626176/fAbYzNT3_normal.jpg","lightblue"
"38749460","BrunoScrenci","PROVINCIAL","1113","http://pbs.twimg.com/profile_images/721102983354793984/MQKUo1KX_normal.jpg","yellow"
"262857572","BuccaBali","HCDN","26343","http://pbs.twimg.com/profile_images/1329747256073916416/j6wHHCh7_normal.jpg","blue"
"587699611","BuryaileRicardo","HCDN","39681","http://pbs.twimg.com/profile_images/1345122991785586690/LTO82R1t_normal.jpg","yellow"
"138814032","CFKArgentina","PEN","5967081","http://pbs.twimg.com/profile_images/1112014698/foto6-3.jpg_1__normal.jpg","lightblue"
"293680137","CTAok","OTRXS","42724","http://pbs.twimg.com/profile_images/710944923990794240/58rluSJO_normal.jpg","violet"
"171650522","CancilleriaARG","PEN","258496","http://pbs.twimg.com/profile_images/1332692995833991172/5jewzmho_normal.jpg","lightblue"
"1189719848760332290","CaparrosMabel","HCDN","233","http://pbs.twimg.com/profile_images/1189720524764647424/g6UQgK44_normal.jpg","lightblue"
"1559163650","CarlaCarrizoAR","HCDN","19325","http://pbs.twimg.com/profile_images/1296461964122697728/WZC8cAWx_normal.jpg","yellow"
"185076776","Carli_Bianco","PROVINCIAL","20007","http://pbs.twimg.com/profile_images/1103322960952209409/K-tss5pA_normal.jpg","lightblue"
"19029918","CarlosHeller","HCDN","141654","http://pbs.twimg.com/profile_images/2302137097/9ve66ajgsz40gcx8i8o8_normal.jpeg","lightblue"
"836359132877828096","CarlosMenem_LR","HSN","27007","http://pbs.twimg.com/profile_images/1029357961112678401/ZuVlDS7A_normal.jpg","lightblue"
"179960598","CarlosTomada","PEN","166631","http://pbs.twimg.com/profile_images/789101799399690240/Xv0XA3XI_normal.jpg","lightblue"
"466887457","CaroGaillard","HCDN","14034","http://pbs.twimg.com/profile_images/1326944416322514945/gTzPExXK_normal.jpg","lightblue"
"234032767","CaroStanley","OTRXS","255173","http://pbs.twimg.com/profile_images/970370553445015555/CXaxMNZd_normal.jpg","yellow"
"90401187","CarolinaMoises","HCDN","13218","http://pbs.twimg.com/profile_images/1362435317911986178/O_6JOso__normal.jpg","lightblue"
"4515126989","CasaRosada","PEN","860090","http://pbs.twimg.com/profile_images/1362387311300902914/EVrEL4RS_normal.jpg","lightblue"
"1579326655","CascallaresPJ","PROVINCIAL","35857","http://pbs.twimg.com/profile_images/943611858921099266/7-zwD5J1_normal.jpg","blue"
"1155492654639198208","CaserioCarlos","HSN","4199","http://pbs.twimg.com/profile_images/1183043827814322176/SONvyPX4_normal.jpg","lightblue"
"63511700","CastagnetoC","OTRXS","21559","http://pbs.twimg.com/profile_images/1309220747974504451/8gXohAUF_normal.jpg","lightblue"
"486961348","ClauNaj","HCDN","10992","http://pbs.twimg.com/profile_images/802676037637259264/HfPgXC1W_normal.jpg","yellow"
"1291124616514207746","ClaudiaLAZamora","HSN","1394","http://pbs.twimg.com/profile_images/1293581749839159296/xZINbv3f_normal.jpg","lightblue"
"1153087813405106176","ClaudiaTodos","HCDN","975","http://pbs.twimg.com/profile_images/1157296583580499969/0Kt7iTlD_normal.jpg","lightblue"
"276092562","Claudiagmarquez","HCDN","658","http://pbs.twimg.com/profile_images/1367448772066873346/HM0lwqjH_normal.jpg","blue"
"309454438","Colorizzotti","HCDN","261","http://pbs.twimg.com/profile_images/1378469794/colo_tewter_normal.jpg","yellow"
"879024609227665408","CostaAugusto9","PROVINCIAL","18687","http://pbs.twimg.com/profile_images/914610177713860608/gYpBI9gl_normal.jpg","lightblue"
"267960594","CrisAlvarezRod","HCDN","72134","http://pbs.twimg.com/profile_images/1260292659857547264/bukoLO-Z_normal.jpg","lightblue"
"1233275798754295808","Cristobal_ok","OTRXS","15720","http://pbs.twimg.com/profile_images/1233276603523837953/0b32LcOy_normal.jpg","lightblue"
"726934705128374273","DanielLoveraLP","HSN","1323","http://pbs.twimg.com/profile_images/726936486654951426/gkCqoczL_normal.jpg","lightblue"
"885917555017355264","DaniloAFlores","HCDN","2319","http://pbs.twimg.com/profile_images/943899057906442240/Ppu3_ub9_normal.jpg","lightblue"
"1067570620584607745","DeluMelina","HCDN","478","http://pbs.twimg.com/profile_images/1285690844566167569/qpf6Iqrx_normal.jpg","lightblue"
"703301022156984320","DeportesAR","PEN","21422","http://pbs.twimg.com/profile_images/1332690823402696704/gq0XNL3m_normal.jpg","lightblue"
"314982614","DiGiacomoLuis","HCDN","1778","http://pbs.twimg.com/profile_images/1351665837988577282/kha68Dxp_normal.jpg","violet"
"597004473","DiegoMMestre","HCDN","18676","http://pbs.twimg.com/profile_images/1195423487483162627/bq3zLNqD_normal.jpg","yellow"
"997495791924195328","DipEstelaH","HCDN","1784","http://pbs.twimg.com/profile_images/1281431151022931969/yPTdKkx0_normal.jpg","lightblue"
"2730118150","DipRoxanaReyes","HCDN","4285","http://pbs.twimg.com/profile_images/1325934255655018496/z7O0Aj6j_normal.jpg","yellow"
"121000528","DipRoyCortina","PROVINCIAL","96587","http://pbs.twimg.com/profile_images/1274384427687297025/SDQn2faf_normal.jpg","violet"
"4869743859","Dip_Gutierrez","HCDN","4753","http://pbs.twimg.com/profile_images/1177556364190801920/uPLo3crZ_normal.jpg","blue"
"208668981","DomingoAmayaOk","HCDN","11590","http://pbs.twimg.com/profile_images/1153694803625992193/hRfVBfYJ_normal.jpg","yellow"
"3763467682","DrDanielGollan","PROVINCIAL","33716","http://pbs.twimg.com/profile_images/1196528345476976640/lfn4cE2N_normal.jpg","lightblue"
"700402159687503877","Economia_Ar","PEN","61123","http://pbs.twimg.com/profile_images/1332519675679412227/Mp9ohyOi_normal.jpg","lightblue"
"187566169","EdgardoKueider","HSN","4698","http://pbs.twimg.com/profile_images/1286329303395979265/gOGOuZw-_normal.jpg","lightblue"
"313081285","EduardoCostaSC","HSN","17213","http://pbs.twimg.com/profile_images/887395024056590337/h1YdBDt5_normal.jpg","yellow"
"727258832121004033","EducacionAR","PEN","72095","http://pbs.twimg.com/profile_images/1332677905965588482/FaK8N5rC_normal.jpg","lightblue"
"236458875","EliGAlcorta","PEN","60635","http://pbs.twimg.com/profile_images/1242875278621376518/H4M7ydn__normal.jpg","lightblue"
"768123166921220096","Energia_Ar","PEN","13957","http://pbs.twimg.com/profile_images/1310580367640997888/jtSuIZlr_normal.jpg","lightblue"
"214217174","EnriqueeEstevez","HCDN","12193","http://pbs.twimg.com/profile_images/1154796423596130305/slOTs2bO_normal.jpg","blue"
"950224302","EstelaEDiaz","PROVINCIAL","16579","http://pbs.twimg.com/profile_images/1354757524747120640/xp_HLlwt_normal.jpg","lightblue"
"712343447865311232","FZamarbide","HCDN","4465","http://pbs.twimg.com/profile_images/1171127851971743745/attnf6mO_normal.jpg","yellow"
"327524667","Facundo_Moyano","HCDN","144798","http://pbs.twimg.com/profile_images/960645932713902081/RiAsPahO_normal.jpg","lightblue"
"3167567897","FdeIzquierda","OTRXS","24019","http://pbs.twimg.com/profile_images/1138872031984988160/afQKnnnz_normal.png","red"
"879871299904000002","Fede_FagioliOK","HCDN","6792","http://pbs.twimg.com/profile_images/1224314144318545920/hNVVjd07_normal.jpg","lightblue"
"288342621","FelipeMiguelBA","PROVINCIAL","21995","http://pbs.twimg.com/profile_images/1268887605065678850/tRUBZBEZ_normal.jpg","yellow"
"43814969","FerIglesias","HCDN","345419","http://pbs.twimg.com/profile_images/1299864951063019521/bjlvTUMN_normal.jpg","yellow"
"1197039757","FerRaverta","PEN","82749","http://pbs.twimg.com/profile_images/1270008086833631250/GOU_hnii_normal.jpg","lightblue"
"1239520164699398145","FernanQuirosBA","PROVINCIAL","42840","http://pbs.twimg.com/profile_images/1268860259570978817/b8oJjx5F_normal.jpg","yellow"
"182925466","FilmusDaniel","HCDN","363914","http://pbs.twimg.com/profile_images/1005855155894521858/Wo_RaZPp_normal.jpg","lightblue"
"148612768","FlorLampreabe","HCDN","4479","http://pbs.twimg.com/profile_images/1242808044154695681/veLB6klW_normal.jpg","lightblue"
"1279939777631051776","FranGuevaraOk","HCDN","761","http://pbs.twimg.com/profile_images/1279941767547232258/o8AxTyBx_normal.jpg","lightblue"
"1132308934948282368","FrenteDeTodos","OTRXS","108566","http://pbs.twimg.com/profile_images/1138931067346411520/0dvyWlnK_normal.jpg","lightblue"
"2192397067","FrenteRenovador","OTRXS","17240","http://pbs.twimg.com/profile_images/1248637968061018114/0Mou68EZ_normal.jpg",NA
"163551613","FtePatriaGrande","OTRXS","26477","http://pbs.twimg.com/profile_images/1110551813181370375/e-6708HE_normal.jpg","lightblue"
"301464513","Fte_Izquierda","OTRXS","80162","http://pbs.twimg.com/profile_images/1138839913984663552/N4Tie69o_normal.jpg","red"
"750000545755238400","FtheaOficial","PROVINCIAL","7317","http://pbs.twimg.com/profile_images/1239373494011539456/O3I3fdHb_normal.jpg","lightblue"
"933770253921857536","FundacionAlem","OTRXS","6972","http://pbs.twimg.com/profile_images/1256214048263278602/WJCQk1wG_normal.jpg","yellow"
"208612518","GZamoraSDE","PROVINCIAL","13134","http://pbs.twimg.com/profile_images/1295326153033560071/t84CE49W_normal.jpg","lightblue"
"2830998061","GallegoPM","HCDN","3552","http://pbs.twimg.com/profile_images/800897459471974400/y6GDXad5_normal.jpg","lightblue"
"200859218","GennusoG","PROVINCIAL","3648","http://pbs.twimg.com/profile_images/1312051853392261125/wpmUv9u4_normal.jpg","violet"
"339334958","GerardoMorales","PROVINCIAL","87312","http://pbs.twimg.com/profile_images/1073728262130552837/vfllVsO2_normal.jpg","yellow"
"117922441","GiScaglia","HCDN","9053","http://pbs.twimg.com/profile_images/1296081445996421120/le3Xu1XT_normal.jpg","yellow"
"885463077684203520","GladysMedinaOK","HCDN","1811","http://pbs.twimg.com/profile_images/1294661028060565510/Ku0NkI9d_normal.jpg","lightblue"
"1154800460911579136","Gra_Landriscini","HCDN","578","http://pbs.twimg.com/profile_images/1257317652105580546/mWxh3Yuq_normal.jpg","lightblue"
"213156391","GracielaCamano","HCDN","23068","http://pbs.twimg.com/profile_images/1357359391134121985/EBvNk4T0_normal.jpg","blue"
"141286250","GugaLusto","HSN","1152782","http://pbs.twimg.com/profile_images/1150544919670472704/2Dzh2ReR_normal.jpg","yellow"
"913089361599754240","GuilloCarnaghi","HCDN","616","http://pbs.twimg.com/profile_images/1310248379964895234/OSu5qdLZ_normal.jpg","lightblue"
"48568308","Guillodietrich","OTRXS","508074","http://pbs.twimg.com/profile_images/872546216709697536/zd9-UrCq_normal.jpg","yellow"
"935088068","GustavoSaenzOK","PROVINCIAL","42859","http://pbs.twimg.com/profile_images/1222147848898215938/NZMFhjqF_normal.jpg","blue"
"1268302274801131520","GustavoSantosOk","OTRXS","1562","http://pbs.twimg.com/profile_images/1273744091067625477/GAZW74Bv_normal.jpg","yellow"
"845696348","HectorBaldassi","HCDN","32402","http://pbs.twimg.com/profile_images/1356805636705640449/PgJEK9bP_normal.jpg","yellow"
"175157212","HermesBinner","OTRXS","169238","http://pbs.twimg.com/profile_images/651907596807503872/LTKmLYmZ_normal.jpg","red"
"293682722","HugoYasky","HCDN","124015","http://pbs.twimg.com/profile_images/976107859246243841/QEZ5Ur9X_normal.jpg","lightblue"
"139266780","HumbertoTumini","OTRXS","11648","http://pbs.twimg.com/profile_images/1242843727829270534/xUjGWV3N_normal.jpg","violet"
"1615564993","IngridJetter","HCDN","6035","http://pbs.twimg.com/profile_images/1340298916818989058/GVXD0OGF_normal.jpg","yellow"
"162465278","ItaiHagman","HCDN","35027","http://pbs.twimg.com/profile_images/1119665761629429761/30Qmxfmm_normal.png","lightblue"
"4077587662","JAlperovichOk","HSN","9403","http://pbs.twimg.com/profile_images/1118642069717827586/Q-JAqVaM_normal.png","lightblue"
"1548769874","JCAlderete_CCC","HCDN","4942","http://pbs.twimg.com/profile_images/1277696352865202183/yNusg4i-_normal.jpg","lightblue"
"282201112","JCanoOK","HCDN","105728","http://pbs.twimg.com/profile_images/883425561653248007/vo7xnHGK_normal.jpg","yellow"
"1215668032934117378","JCuattromo","PROVINCIAL","5919","http://pbs.twimg.com/profile_images/1220713777580118016/vNlsVrTk_normal.jpg","lightblue"
"4020276615","JMilei","OTRXS","400776","http://pbs.twimg.com/profile_images/657346882889498624/zychb_4j_normal.jpg","slategrey"
"2841506345","JSchiaretti","PROVINCIAL","75256","http://pbs.twimg.com/profile_images/1217797675510325248/vzolqGx2_normal.jpg","violet"
"110043455","JesicaRey","PROVINCIAL","5980","http://pbs.twimg.com/profile_images/1205503564883353601/YoAaqUVc_normal.jpg","lightblue"
"998938602699743235","JimehLatorre","HCDN","3373","http://pbs.twimg.com/profile_images/1321893961733210113/iipsj-B9_normal.jpg","yellow"
"201825904","JnmLopez","HCDN","22370","http://pbs.twimg.com/profile_images/1213486525155028998/nE-XsEfp_normal.jpg","yellow"
"1220512040462233601","JoRepublicanos","OTRXS","18361","http://pbs.twimg.com/profile_images/1295554776625754113/CRFMrI5f_normal.jpg","yellow"
"869269434124447744","JorgeFaurie","OTRXS","32806","http://pbs.twimg.com/profile_images/1104081733534793729/eYCGGVfe_normal.jpg","yellow"
"2714771804","JorgeTaiana","HSN","111704","http://pbs.twimg.com/profile_images/1159885691632963586/GcVSL1vT_normal.jpg","lightblue"
"92284311","JorgeTriaca","OTRXS","101221","http://pbs.twimg.com/profile_images/1163273078/JT__Grondona_3__normal.jpg","yellow"
"1149500866581409792","JorgeVara8","HCDN","1278","http://pbs.twimg.com/profile_images/1225162532060483584/wNWHsiny_normal.jpg","yellow"
"1681990982","JoseLuisRamonOk","HCDN","8160","http://pbs.twimg.com/profile_images/1172183709744869378/5SU5IL3G_normal.jpg","violet"
"1204760490200702976","JoseNederSDE","HSN","617","http://pbs.twimg.com/profile_images/1204775238988423168/hwVDZ8VD_normal.jpg","blue"
"484627957","JosefaMendo","HCDN","11578","http://pbs.twimg.com/profile_images/1322701304309948418/mLzPLogn_normal.jpg","yellow"
"152835465","JuanGrabois","OTRXS","168616","http://pbs.twimg.com/profile_images/721032521455181824/Kjf76mQy_normal.jpg","lightblue"
"3256203501","JuanManzurOK","PROVINCIAL","31415","http://pbs.twimg.com/profile_images/1067206478401028096/87rUtnXn_normal.jpg","blue"
"1008696689337790465","JuanMosquedaok","HCDN","233","http://pbs.twimg.com/profile_images/1009627517311995904/45wEIXEd_normal.jpg","lightblue"
"428703285","JuanPabloBiondi","PEN","19069","http://pbs.twimg.com/profile_images/1183151987833081858/WFIcpYOB_normal.jpg","lightblue"
"326886601","Juancmarino","HSN","6190","http://pbs.twimg.com/profile_images/840211707574267904/9EqkVJ-x_normal.jpg","yellow"
"196340158","JulioDeVido","OTRXS","84649","http://pbs.twimg.com/profile_images/517046223358808064/UaSdZ6qc_normal.jpeg","lightblue"
"124222509","JulioGarro","PROVINCIAL","131889","http://pbs.twimg.com/profile_images/1249785477454012418/hr9Pm6G8_normal.jpg","yellow"
"342358065","JulioMartinezLR","HSN","37214","http://pbs.twimg.com/profile_images/858061355672256512/MFiW9vGR_normal.jpg","yellow"
"143502765","JulioPiumato","OTRXS","37570","http://pbs.twimg.com/profile_images/1183358948101017600/pws_3Jka_normal.jpg","violet"
"1202300210837413888","JulioVitobello","PEN","9389","http://pbs.twimg.com/profile_images/1242647631270162437/APTjEZkZ_normal.jpg","lightblue"
"350902827","Julio_Alak","PROVINCIAL","30710","http://pbs.twimg.com/profile_images/1208395195450089472/LSsumJnW_normal.jpg","lightblue"
"33324953","KBanfi","HCDN","21633","http://pbs.twimg.com/profile_images/1224423659135217667/piiXpdvU_normal.jpg","yellow"
"2953955753","Kicillofok","PROVINCIAL","1253104","http://pbs.twimg.com/profile_images/1332664654141722628/Gvk3QF-M_normal.jpg","lightblue"
"1215628564512628736","KulfasM","PEN","46476","http://pbs.twimg.com/profile_images/1303429599951556608/76AGh4rW_normal.jpg","lightblue"
"217977555","LEBasterra","PEN","15726","http://pbs.twimg.com/profile_images/1274700543693291520/kznbhdpB_normal.jpg","violet"
"1723102656","LaspinaL","HCDN","30236","http://pbs.twimg.com/profile_images/971771058809393152/7lSKa0Xq_normal.jpg","yellow"
"874690053624266752","LauraYokoRusso","HCDN","2091","http://pbs.twimg.com/profile_images/1254228766475399168/_2-W2xFI_normal.jpg","lightblue"
"164368516","LegisCABA","PROVINCIAL","36241","http://pbs.twimg.com/profile_images/1333462626798604289/TLz_Vlfx_normal.jpg","yellow"
"335969426","Leonardo_Grosso","HCDN","51557","http://pbs.twimg.com/profile_images/1234272787080056832/ZM8WSvq0_normal.jpg","lightblue"
"162873142","LicDanielArroyo","PEN","140064","http://pbs.twimg.com/profile_images/1274718216313593856/oM1FOBI2_normal.jpg","lightblue"
"242461059","Lipovetzky","PROVINCIAL","43205","http://pbs.twimg.com/profile_images/1293247104220004352/OK8rIm57_normal.jpg","yellow"
"332918283","Lozano_Claudio","PEN","36914","http://pbs.twimg.com/profile_images/1161630838813016066/juFpxoFp_normal.jpg","violet"
"705097329687322624","LuciMasin","HCDN","14447","http://pbs.twimg.com/profile_images/1189296101117120514/y1xHRZ5i_normal.jpg","lightblue"
"2373627522","LuciaCorpacci","HCDN","10132","http://pbs.twimg.com/profile_images/658699160070299648/izXTBa-2_normal.jpg","lightblue"
"1219628058547761152","LucilaCrexell","HSN","1972","http://pbs.twimg.com/profile_images/1358790469937991680/ho7hUEVA_normal.jpg","violet"
"704175163","LucilaLehmann","HCDN","40330","http://pbs.twimg.com/profile_images/1333169612146532354/q4KdWI4H_normal.jpg","yellow"
"4851031895","LuisContigiani","HCDN","12452","http://pbs.twimg.com/profile_images/1066117951034720258/faBloKZX_normal.jpg","blue"
"69668594","LupeTagliaferri","HSN","9455","http://pbs.twimg.com/profile_images/1269428600014622720/h3Vn9enu_normal.jpg","yellow"
"766293360","MBerhongaray","HCDN","681","http://pbs.twimg.com/profile_images/1264035214923378690/HNePYftF_normal.jpg","yellow"
"196362385","MDSNacion","PEN","299328","http://pbs.twimg.com/profile_images/1332651525022380032/fy4kLsdQ_normal.jpg","lightblue"
"205380227","MSierraDiputada","HCDN",NA,NA,"lightblue"
"2798077200","MSoleCarrizo","HCDN","9937","http://pbs.twimg.com/profile_images/1143552135310823425/FueHLlK4_normal.jpg","yellow"
"259717758","M_Campagnoli","HCDN","37912","http://pbs.twimg.com/profile_images/1193970537313247234/5sW_U5cD_normal.jpg","yellow"
"738376467176935424","MaEmiliaSoria","PROVINCIAL","13913","http://pbs.twimg.com/profile_images/738383297919746049/bV0bBg8W_normal.jpg","lightblue"
"1109463268467376128","MaJimenaLopezOk","HCDN","2247","http://pbs.twimg.com/profile_images/1247286233883082765/TOEWNZcI_normal.jpg","lightblue"
"455184739","MagdalenaOdarda","PEN","6224","http://pbs.twimg.com/profile_images/1311285442608758786/ppdZCsup_normal.jpg","violet"
"2931794813","MaggieSolariQ","HSN","3432","http://pbs.twimg.com/profile_images/1183219860706418689/mHWr60dX_normal.jpg","lightblue"
"481432211","MalenaMassa","PEN","126279","http://pbs.twimg.com/profile_images/1150495562556485632/R9zlKIaW_normal.jpg","lightblue"
"257460186","ManesF","OTRXS","292004","http://pbs.twimg.com/profile_images/1338834293951524868/-vH7qQgt_normal.jpg","violet"
"2456562907","ManziRubenOk","HCDN","1906","http://pbs.twimg.com/profile_images/1121872198170443776/lG4HSqxK_normal.jpg","yellow"
"1550784409","MaraBrawer","HCDN","8771","http://pbs.twimg.com/profile_images/1242819700670844932/-oH7-1jq_normal.jpg","lightblue"
"174286642","MarceloKoenig","HCDN","5500","http://pbs.twimg.com/profile_images/422930760610635776/GCGiRbHd_normal.jpeg","lightblue"
"1082401224312406018","MariaEBielsaOk","OTRXS","49161","http://pbs.twimg.com/profile_images/1275035324717170689/YeYSugHD_normal.jpg","lightblue"
"1222402614","MariaLujan_Rey","HCDN","69580","http://pbs.twimg.com/profile_images/1311654680485863426/THQDMaDW_normal.jpg","yellow"
"172841079","MariaMigliore","PROVINCIAL","4836","http://pbs.twimg.com/profile_images/1274068885956890624/IHp0CpaH_normal.jpg","yellow"
"1009573922671603712","MariabTapia","HSN","1996","http://pbs.twimg.com/profile_images/1009578664437207041/7XrSmep__normal.jpg","yellow"
"352658764","MarianStil","HCDN","3406","http://pbs.twimg.com/profile_images/1368798711590060034/3ZnvxbAW_normal.jpg","yellow"
"404247722","MarianaZuvic","HCDN","225608","http://pbs.twimg.com/profile_images/1183597288641437697/ryBknxIH_normal.jpg","yellow"
"277742031","MarioFiad","HSN","11845","http://pbs.twimg.com/profile_images/378800000436237715/62a33e1fc9d6291ed8ceb69757b29bab_normal.jpeg","yellow"
"594099941","MarisaUcedaOk","HCDN","4025","http://pbs.twimg.com/profile_images/1273828778477793280/DA8QQorf_normal.jpg","lightblue"
"1004854039786545153","MartiarenaJoseL","HCDN","606","http://pbs.twimg.com/profile_images/1316533654642995201/4ylW07tY_normal.jpg","lightblue"
"884268256877531136","MartinGrandeok","HCDN","6463","http://pbs.twimg.com/profile_images/1167924845226516480/m0HJwDQz_normal.jpg","yellow"
"3399074854","Martin_M_Guzman","PEN","199430","http://pbs.twimg.com/profile_images/1338631243014041602/vQ_HaRLY_normal.jpg","lightblue"
"1596124255","Martinez_EF","HSN","1808","http://pbs.twimg.com/profile_images/1311088188522455045/V5wO35xp_normal.jpg","yellow"
"153459179","Martinmaq","HCDN","3596","http://pbs.twimg.com/profile_images/1293698957042999297/f61efbur_normal.jpg","yellow"
"450577726","MaruMartiniOK","PROVINCIAL","3720","http://pbs.twimg.com/profile_images/1289590371522088965/N9yvLKom_normal.jpg","lightblue"
"172064501","MatiasLammens","PEN","198421","http://pbs.twimg.com/profile_images/1267240241666101251/vOhSIGyX_normal.jpg","lightblue"
"516151851","MatiasRodrigTDF","HSN","23532","http://pbs.twimg.com/profile_images/1316849095227650050/oFDjyTTH_normal.jpg","lightblue"
"154184640","Maxiferraro","HCDN","36258","http://pbs.twimg.com/profile_images/1277744675840032770/XlHZXOqL_normal.jpg","yellow"
"127201323","MaydaCresto","HCDN","7316","http://pbs.twimg.com/profile_images/1301016147215745024/nwAqyym__normal.jpg","lightblue"
"150441535","MercedesJoury","HCDN","2795","http://pbs.twimg.com/profile_images/1292476727831277568/AOzfR6Fj_normal.jpg","yellow"
"21772289","MiguelLifschitz","PROVINCIAL","126672","http://pbs.twimg.com/profile_images/1135908909561122816/1fAmXf_w_normal.jpg","violet"
"1043198260092039169","MiguelPichetto","OTRXS","160902","http://pbs.twimg.com/profile_images/1306238486010384384/RChQVCXN_normal.jpg","yellow"
"56818132","Miguel_Boggiano","OTRXS","177722","http://pbs.twimg.com/profile_images/1304448178834599936/WVPrya___normal.jpg","slategrey"
"1207713682718969856","MinGenerosAR","PEN","74953","http://pbs.twimg.com/profile_images/1332519600567803906/BNy29JYy_normal.jpg","lightblue"
"1227613833851785217","MinHabitatAR","PEN","13637","http://pbs.twimg.com/profile_images/1332525070724558848/lZQbxdEn_normal.jpg","lightblue"
"1483041949","MinSeg","PEN","469869","http://pbs.twimg.com/profile_images/1332519141148864515/hA8g5xOO_normal.jpg","lightblue"
"53108902","MinTrabajoAR","PEN","330498","http://pbs.twimg.com/profile_images/1332698537382064128/2N8YxZUf_normal.jpg","lightblue"
"4427090195","MindeTransporte","PEN","147122","http://pbs.twimg.com/profile_images/1332524598022336512/apfZf94r_normal.jpg","lightblue"
"4493784808","MindefArg","PEN","209291","http://pbs.twimg.com/profile_images/1332698555979587586/Xcx01se4_normal.png","lightblue"
"2795307903","MoniMacha","HCDN","38396","http://pbs.twimg.com/profile_images/1153357129253838849/X8F4LkEf_normal.jpg","lightblue"
"937301562","MonicaFradeok","HCDN","18737","http://pbs.twimg.com/profile_images/1342459157526544384/W_wD5Ixe_normal.jpg","yellow"
"4529320173","MoreauLeopoldo","HCDN","187665","http://pbs.twimg.com/profile_images/884642700405952512/_3Cr9pfC_normal.jpg","lightblue"
"2578850396","NanniMiguel","HCDN","3008","http://pbs.twimg.com/profile_images/1141125289147326465/QfovA-QA_normal.jpg","yellow"
"306546830","NicoDujovne","OTRXS","141675","http://pbs.twimg.com/profile_images/816674762084798464/YJQMESUU_normal.jpg","yellow"
"4198001913","Nicolas_Massot","OTRXS","54884","http://pbs.twimg.com/profile_images/1349360762003873792/qWALFjlM_normal.jpg","yellow"
"374115730","NicolasdelCano","HCDN","137752","http://pbs.twimg.com/profile_images/968444442666561536/SyqIM-T0_normal.jpg","red"
"4915799221","Norma_Durango","HSN","5159","http://pbs.twimg.com/profile_images/1344038282229911559/SUFueHty_normal.jpg","lightblue"
"2471404538","Oacastillo","HSN","1871","http://pbs.twimg.com/profile_images/847523824639905793/X4A4AlPR_normal.jpg","yellow"
"1205541711830753282","ObrasPublicasAR","PEN","9984","http://pbs.twimg.com/profile_images/1332558719968817153/CVckzO2V_normal.jpg","lightblue"
"1003049219131920386","OfeFernandez_","PROVINCIAL","244682","http://pbs.twimg.com/profile_images/1344204458885046272/Ls-Q6dSw_normal.jpg","lightblue"
"2589783002","OmarGutierrezOk","PROVINCIAL","51619","http://pbs.twimg.com/profile_images/1342975784525438976/72Ri_xon_normal.jpg","violet"
"130574455","OscarAguadCBA","OTRXS","37240","http://pbs.twimg.com/profile_images/378800000120820038/f8571ed951fed1a0b17f57e32d78bd79_normal.png","yellow"
"2353385744","OscarParrilli","HSN","11440","http://pbs.twimg.com/profile_images/1146147232808411137/XtuuDhQ0_normal.png","lightblue"
"3125573339","OsmarMonaldi","HCDN","1498","http://pbs.twimg.com/profile_images/883751276873469953/NbM1IqtM_normal.jpg","yellow"
"222124298","PabloCarroOk","HCDN","8285","http://pbs.twimg.com/profile_images/1143939244731392000/qW668uEH_normal.jpg","lightblue"
"347929817","PabloTonelli","HCDN","13142","http://pbs.twimg.com/profile_images/900141050932711425/yd4XwDiI_normal.jpg","yellow"
"2695665061","Pablo_Torello","HCDN","17011","http://pbs.twimg.com/profile_images/1300966475956719616/KxyCJNJw_normal.jpg","yellow"
"1590123116","PameVerasay","HSN","8034","http://pbs.twimg.com/profile_images/1278360676667478017/NLfXV-Uv_normal.jpg","yellow"
"65360466","PartidoObrero","OTRXS","36266","http://pbs.twimg.com/profile_images/1041712502260817924/I6mgFMkh_normal.jpg","red"
"54414081","PatoBullrich","OTRXS","1197685","http://pbs.twimg.com/profile_images/1105528888149635078/cUcEpJuW_normal.png","yellow"
"2387764495","PaulaPenacca","HCDN","23262","http://pbs.twimg.com/profile_images/1270840617199906822/JD8VJrjO_normal.jpg","lightblue"
"3394629958","PedroBraillardP","HSN","2191","http://pbs.twimg.com/profile_images/1027737684847022080/dnfbSp5L_normal.jpg","yellow"
"40858089","PinedoFederico","OTRXS","243561","http://pbs.twimg.com/profile_images/1204469039822704642/QuiF7GaB_normal.jpg","yellow"
"525264466","Pontifex_es","OTRXS","18664778","http://pbs.twimg.com/profile_images/507819548834148352/jyx1JOS-_normal.jpeg",NA
"1383349418","QuintelaRicardo","PROVINCIAL","18248","http://pbs.twimg.com/profile_images/1260693493749616640/rvdgN3s-_normal.jpg","blue"
"891296900145713153","RCSalvarezza","PEN","59880","http://pbs.twimg.com/profile_images/1274786171005140992/hYO4q6Mi_normal.jpg","lightblue"
"1347042146","RGBasualdo","HSN","4283","http://pbs.twimg.com/profile_images/922258084935987200/mAqNyrFg_normal.jpg","yellow"
"101884357","RICALFONSIN","OTRXS","373634","http://pbs.twimg.com/profile_images/754803523137732609/mOukQRPl_normal.jpg","yellow"
"25352511","RLavagna","OTRXS","177914","http://pbs.twimg.com/profile_images/1187516166056620033/wpauds2Q_normal.jpg","violet"
"1380077610","Ramir_Gutierrez","HCDN","6266","http://pbs.twimg.com/profile_images/845060513839157249/a0BLrh-b_normal.jpg","lightblue"
"137810514","RandazzoF","OTRXS","491731","http://pbs.twimg.com/profile_images/870591326877884416/qhhVDnX7_normal.jpg","blue"
"257485371","RaulAOthacehe","OTRXS",NA,NA,NA
"2544467503","RaulJalil_ok","PROVINCIAL","7158","http://pbs.twimg.com/profile_images/1204086370677010433/wze5neHM_normal.jpg","blue"
"906250960573530113","RauschenbergerA","HCDN","1831","http://pbs.twimg.com/profile_images/1210683518143156225/RD9_iYBb_normal.jpg","lightblue"
"3045089584","ReutemannC","HSN","2546","http://pbs.twimg.com/profile_images/568510472563867648/s-jvy4CT_normal.jpeg","yellow"
"174801590","ReyesFernanda","PROVINCIAL","12059","http://pbs.twimg.com/profile_images/1272520738914910214/9-Y5wEPr_normal.jpg","yellow"
"879706780649082880","RicardoWellbach","HCDN","5411","http://pbs.twimg.com/profile_images/1350553998240186372/lMk7VfE1_normal.jpg","violet"
"148194379","RobertoFeletti","OTRXS","82671","http://pbs.twimg.com/profile_images/790192312974471168/axnDK-aD_normal.jpg","lightblue"
"210901261","RobiBaradel","OTRXS","84530","http://pbs.twimg.com/profile_images/1541058134/17358__330X220__normal.jpg","violet"
"191209101","RodolfoDonofrio","OTRXS","346781","http://pbs.twimg.com/profile_images/944636926501556225/SOQxj6ux_normal.jpg","violet"
"1428139058","RomeroxSalta","HSN","9714","http://pbs.twimg.com/profile_images/1144005369661919232/mK3EfvLC_normal.jpg","blue"
"839557269096435716","RomiUhrig","HCDN","1010","http://pbs.twimg.com/profile_images/1248342330383446016/EKd7BQeL_normal.jpg","lightblue"
"3115013812","RominaDelPla","HCDN","19896","http://pbs.twimg.com/profile_images/1124456507029032960/5e8XyiWW_normal.jpg","red"
"900818832125820929","RosaRosario06","HCDN","1305","http://pbs.twimg.com/profile_images/1113874925163565056/OGdtYpnK_normal.png","lightblue"
"42848066","RosanaBertone","HCDN","14987","http://pbs.twimg.com/profile_images/1230142344319655936/_8_UK_ck_normal.jpg","lightblue"
"2786609149","RossiAgustinOk","PEN","235594","http://pbs.twimg.com/profile_images/1242758662164185088/0Ph4nbYk_normal.jpg","lightblue"
"931564592328781824","RubinsteinOk","OTRXS","32636","http://pbs.twimg.com/profile_images/1294651301058482177/99iDnbX1_normal.jpg","yellow"
"1208861562410283010","SPerezTeruel","PROVINCIAL","441","http://pbs.twimg.com/profile_images/1216037933809111041/0cL2GGA3_normal.jpg","lightblue"
"8565932","Sabbatella","OTRXS","320321","http://pbs.twimg.com/profile_images/1242828815258259456/_YQ8Ij0r_normal.jpg","lightblue"
"225145116","SabinaFrederic","PEN","83598","http://pbs.twimg.com/profile_images/1204897355075653641/d6i3ok3B_normal.jpg","lightblue"
"750523611857969152","SahadJulio","HCDN","3654","http://pbs.twimg.com/profile_images/924974545689292800/XOoflQUo_normal.jpg","yellow"
"779340061263425537","SaludBAP","PROVINCIAL","27813","http://pbs.twimg.com/profile_images/1333519748844449793/VmBHfJD3_normal.jpg","lightblue"
"42637609","SantiCafiero","PEN","288453","http://pbs.twimg.com/profile_images/1261278835875643397/q5xuh7uz_normal.jpg","lightblue"
"166022063","SanzErnesto","OTRXS","284736","http://pbs.twimg.com/profile_images/634741913602670592/hsn6Wpbw_normal.jpg","yellow"
"1175329843","SartoriDiegoH","HCDN","2042","http://pbs.twimg.com/profile_images/1239553985490681856/HLmL0ZFp_normal.jpg","violet"
"816001694","SchiavoniH","HSN","7492","http://pbs.twimg.com/profile_images/1159200401184448512/Iu5ovmYz_normal.jpg","yellow"
"337504020","SebaSalvadorOk","HCDN","5814","http://pbs.twimg.com/profile_images/1252006486395572234/xqOd8hN2_normal.jpg","yellow"
"84713190","SebasGalmarini","PROVINCIAL","41984","http://pbs.twimg.com/profile_images/1256429488352657408/aemyIwXT_normal.jpg","yellow"
"4503140253","SenadorLuenzo","HSN","10398","http://pbs.twimg.com/profile_images/1171109555683700737/KZKBXNkx_normal.jpg","lightblue"
"208254390","SenadoraBlas","HSN","4244","http://pbs.twimg.com/profile_images/729067882081062913/pEwdTjbB_normal.jpg","lightblue"
"1225026336802189312","Senadora_Olalla","HSN","1370","http://pbs.twimg.com/profile_images/1344100018551218177/eFXKoXTV_normal.jpg","yellow"
"1475504383","SergioBerniArg","PROVINCIAL","86402","http://pbs.twimg.com/profile_images/1219701975929032705/MfMPbgiB_normal.jpg","lightblue"
"2937218295","SergioGCasas","HCDN","12888","http://pbs.twimg.com/profile_images/1173250646990098434/SMNXVMuP_normal.jpg","lightblue"
"117185027","SergioMassa","HCDN","1147550","http://pbs.twimg.com/profile_images/1242767194024484865/i2-LWf2W_normal.jpg","lightblue"
"1048102104","SilGinocchio","HCDN","787","http://pbs.twimg.com/profile_images/1223371725943058434/hor01uq5_normal.jpg","lightblue"
"417808516","SilviaEdePerez","HSN","31051","http://pbs.twimg.com/profile_images/1082213753754714112/_rG1nw6N_normal.jpg","yellow"
"79533471","Sofiabrambilla","HCDN","7140","http://pbs.twimg.com/profile_images/1351478140191842304/PVttCPZb_normal.jpg","yellow"
"961274156","SoherElSukaria","HCDN","14816","http://pbs.twimg.com/profile_images/1366510570044809216/xJU57h4X_normal.jpg","yellow"
"175422899","Solanopo","PROVINCIAL","63898","http://pbs.twimg.com/profile_images/1068261698925195273/dJpNy1WN_normal.jpg","red"
"313577888","Soledad_Acunia","PROVINCIAL","26483","http://pbs.twimg.com/profile_images/1224359363399311362/clpcdiE__normal.jpg","yellow"
"714837787590176768","SoriaEnAccion","HCDN","6542","http://pbs.twimg.com/profile_images/714841333790326784/8BZjXG70_normal.jpg","lightblue"
"35733038","Stolbizer","OTRXS","561673","http://pbs.twimg.com/profile_images/1218227698906157057/ltl0eOkU_normal.jpg","violet"
"4570789301","SusanaMalcorra","OTRXS","93353","http://pbs.twimg.com/profile_images/1280835340010471424/aBnwtXnQ_normal.jpg","yellow"
"167751026","TOPOarg","HCDN","8670","http://pbs.twimg.com/profile_images/1309977170027184137/UzEDdmtb_normal.jpg","blue"
"157479149","TatoBrown","OTRXS","30673","http://pbs.twimg.com/profile_images/595714347957092353/VzRyVAbG_normal.jpg","violet"
"4707533116","TereGarciaOK","PROVINCIAL","41641","http://pbs.twimg.com/profile_images/1250912051284840458/gvo10gSX_normal.jpg","lightblue"
"201888748","Titostefani","HCDN","2120","http://pbs.twimg.com/profile_images/1337416061239635974/jUHjgnv3_normal.jpg","yellow"
"126291236","TotyFlores","HCDN","71886","http://pbs.twimg.com/profile_images/1185885511224889344/0TU9DAy-_normal.jpg","yellow"
"317214518","TurismoNacionAR","PEN","231245","http://pbs.twimg.com/profile_images/1332578280088752130/RxJZBPWc_normal.jpg","lightblue"
"114582574","UCRNacional","OTRXS","70538","http://pbs.twimg.com/profile_images/1277624728358981639/uJ95UBL3_normal.jpg","yellow"
"585843099","UNRepublicana","OTRXS","28267","http://pbs.twimg.com/profile_images/1251333442593345536/PYvu0Y_v_normal.jpg","yellow"
"724991849912500224","UniCiudadanaAR","OTRXS","194495","http://pbs.twimg.com/profile_images/1240400929045839877/1HLX2Rmm_normal.jpg","lightblue"
"730926774","UrtubeyJM","OTRXS","167732","http://pbs.twimg.com/profile_images/1360233446791127042/AT6S5Qm0_normal.jpg","blue"
"62584305","VMoralesGorleri","HCDN","15685","http://pbs.twimg.com/profile_images/1347255284255907843/QcKAJZnw_normal.jpg","yellow"
"705009982438318080","VZimmermannOK","HSN","1759","http://pbs.twimg.com/profile_images/1190409757699584000/6P1N1nJt_normal.jpg","yellow"
"3368366073","VilmaIbarraL","PEN","43106","http://pbs.twimg.com/profile_images/1234525898038284293/ywm6QzU__normal.jpg","lightblue"
"253636753","Vsiley","HCDN","28129","http://pbs.twimg.com/profile_images/1167202237380255744/ABx6gzMN_normal.jpg","lightblue"
"226366039","Weretilneck","HSN","19227","http://pbs.twimg.com/profile_images/1269684341845737473/YjvDOK78_normal.jpg","violet"
"1864835456","WolffWaldo","HCDN","233534","http://pbs.twimg.com/profile_images/1287423740696027138/FWgmfJ-k_normal.jpg","yellow"
"1090344907548647425","XimenaGarciaBl","HCDN","3231","http://pbs.twimg.com/profile_images/1149508907124940800/O6Ov9AC8_normal.jpg","yellow"
"1556496817","Yaco_Emiliano","HCDN","10784","http://pbs.twimg.com/profile_images/1298601423723212800/E5n5dRz8_normal.jpg","yellow"
"398221268","YoSoyMartiniano","OTRXS","99183","http://pbs.twimg.com/profile_images/1235993078848196615/p__hVI2w_normal.jpg","yellow"
"4179135675","ZiliottoSergio","PROVINCIAL","9550","http://pbs.twimg.com/profile_images/1215774291909914634/vBm5uU4F_normal.jpg","lightblue"
"960905217427599362","_CarlosSelva","HCDN","1887","http://pbs.twimg.com/profile_images/960916104880295938/VMPQ14qQ_normal.jpg","lightblue"
"150684554","_alvarogonzalez","HCDN","10320","http://pbs.twimg.com/profile_images/1155914685864140801/HrJBMeAz_normal.jpg","yellow"
"2610724446","adolfoRSquotes","HSN","6177","http://pbs.twimg.com/profile_images/1143691292691619840/_9T-kBDh_normal.png","blue"
"28095599","adrianperezARG","OTRXS","45728","http://pbs.twimg.com/profile_images/789124827340804096/RaRwLRSo_normal.jpg","yellow"
"1213976332750618624","agussimone","PROVINCIAL","3555","http://pbs.twimg.com/profile_images/1213977821498036224/S4wOj9oY_normal.jpg","lightblue"
"220445205","albertoasseff","HCDN","3381","http://pbs.twimg.com/profile_images/1206303862296104963/NgHLauxb_normal.jpg","yellow"
"576528582","alefinocchiaro","OTRXS","43641","http://pbs.twimg.com/profile_images/1004882236976652288/hbE5bFAm_normal.jpg","yellow"
"34335037","alejandrocacace","HCDN","6709","http://pbs.twimg.com/profile_images/1142524217042317313/eDpAx6kL_normal.jpg","yellow"
"105976753","alejandrojg","HCDN","7242","http://pbs.twimg.com/profile_images/940386987474935808/FYyX8pQQ_normal.jpg","yellow"
"867552119389401088","alevigo","HCDN","8984","http://pbs.twimg.com/profile_images/1127968485349441536/-i1LEZFk_normal.jpg","blue"
"149991703","alferdez","PEN","2029182","http://pbs.twimg.com/profile_images/1192149786503327744/l232oveZ_normal.jpg","lightblue"
"79749136","alfonsopratgay","OTRXS","588150","http://pbs.twimg.com/profile_images/1135940977024221184/nvgjd1rU_normal.png","yellow"
"3092373641","alfredocornejo","HCDN","63481","http://pbs.twimg.com/profile_images/1362539287401611270/sqkcjTLI_normal.jpg","yellow"
"1112359789","alfredodeangeli","HSN","34239","http://pbs.twimg.com/profile_images/1256253244789215238/DV8jVSmd_normal.jpg","yellow"
"3443469203","aliciafregonese","HCDN","2823","http://pbs.twimg.com/profile_images/1336659455304458240/Suzzv0Ay_normal.jpg","yellow"
"145685744","aliciakirchner","PROVINCIAL","300377","http://pbs.twimg.com/profile_images/893180093727596545/fbjhE6hu_normal.jpg","lightblue"
"170843906","altamirajorge","OTRXS","53191","http://pbs.twimg.com/profile_images/1589359722/jorgewebnuevasolo_normal.jpg","red"
"332543511","anabelfsagasti","HSN","47306","http://pbs.twimg.com/profile_images/1266182981460414464/jPYwumH0_normal.jpg","lightblue"
"416721882","andreshibarra","OTRXS","44799","http://pbs.twimg.com/profile_images/1121524394524839936/2KZFrg7B_normal.png","yellow"
"69113673","anibarra","OTRXS","74100","http://pbs.twimg.com/profile_images/1034062300733485056/Yto3XqEO_normal.jpg","violet"
"144307376","ansesgob","PEN","361247","http://pbs.twimg.com/profile_images/1332694966708146176/aYq-hMps_normal.jpg","lightblue"
"3342878295","arcionimariano","PROVINCIAL","17634","http://pbs.twimg.com/profile_images/927373782792187910/EoCU5xlQ_normal.jpg","violet"
"4769276561","arsaa2019","PROVINCIAL","4809","http://pbs.twimg.com/profile_images/1042464328253931520/71Aq4_d6_normal.jpg","blue"
"131394303","atiliobenedetti","HCDN","5250","http://pbs.twimg.com/profile_images/1358036472700493825/i-GHGIz6_normal.jpg","yellow"
"211132363","bazzemiguel","HCDN","7179","http://pbs.twimg.com/profile_images/538850170759180289/R-1VXhUU_normal.jpeg","yellow"
"413429807","bebasoria","HCDN","5987","http://pbs.twimg.com/profile_images/1173296116307234816/0Yp5O6i5_normal.jpg","lightblue"
"3313610230","betty_rojkes","OTRXS","3346","http://pbs.twimg.com/profile_images/1265631799058849792/QTU5jWA4_normal.jpg","lightblue"
"710486602909401088","blancopabloda","HSN","1603","http://pbs.twimg.com/profile_images/1249102127936335874/34knX2sI_normal.jpg","yellow"
"134232117","bordet","PROVINCIAL","24877","http://pbs.twimg.com/profile_images/693467989056815105/-KnLuucW_normal.png","lightblue"
"144598281","brendalisaustin","HCDN","18542","http://pbs.twimg.com/profile_images/1199029082215845895/K1VGimRa_normal.jpg","yellow"
"3111163565","brizuela_moral","HCDN","942","http://pbs.twimg.com/profile_images/580455039170408448/2p3Y7Uzn_normal.png","yellow"
"472996218","camicrescimbeni","HCDN","9682","http://pbs.twimg.com/profile_images/1280943997763104770/IHPR-2Cy_normal.jpg","yellow"
"157151068","carlavizzotti","PEN","73006","http://pbs.twimg.com/profile_images/1364675595028807683/CHva2v4Z_normal.jpg","lightblue"
"161438782","carmenpolledo","HCDN","17664","http://pbs.twimg.com/profile_images/1289606407579475970/FHxlAOlA_normal.jpg","yellow"
"3290757334","caroyutrovic_","HCDN","668","http://pbs.twimg.com/profile_images/1271536386785587201/91on5aOn_normal.jpg","lightblue"
"485988630","ccari_ok","OTRXS","17487","http://pbs.twimg.com/profile_images/1249852621424340999/_KEoG5vr_normal.jpg","yellow"
"155639783","ceciliamoreauok","HCDN","27728","http://pbs.twimg.com/profile_images/1340017817287069699/9DmGp295_normal.jpg","lightblue"
"116313517","chino_navarrook","OTRXS","107956","http://pbs.twimg.com/profile_images/1333517605387296768/MD6q5cF2_normal.jpg","lightblue"
"326807652","ciencia_ar","PEN","298180","http://pbs.twimg.com/profile_images/1332696469678206976/3CsdvnQ7_normal.jpg","lightblue"
"297543171","claramuzzio","PROVINCIAL","9318","http://pbs.twimg.com/profile_images/1368956211832512515/eDTxMqXn_normal.jpg","yellow"
"73197872","clauavruj","OTRXS","19162","http://pbs.twimg.com/profile_images/1252945433208541185/mMFgvRis_normal.jpg","violet"
"335364529","claudiojpoggi","HSN","16386","http://pbs.twimg.com/profile_images/678975510391758851/KmE9-z4M_normal.jpg","yellow"
"1316902423","cornejovirginia","HCDN","1804","http://pbs.twimg.com/profile_images/1167948633104207872/CW_dJXUN_normal.jpg","yellow"
"188998649","cristiangirard","PROVINCIAL","6386","http://pbs.twimg.com/profile_images/1230940970491031552/GW8XsXcH_normal.jpg","lightblue"
"130535563","cristianritondo","HCDN","215659","http://pbs.twimg.com/profile_images/1360229158157234182/rlzrOPoq_normal.jpg","yellow"
"789856765","cuervotinelli","OTRXS","10359998","http://pbs.twimg.com/profile_images/1049121801303941120/BIielr-X_normal.jpg","violet"
"575465762","dalesmm","PEN","65951","http://pbs.twimg.com/profile_images/1261783028298285057/rqvJEBnG_normal.jpg","lightblue"
"349968963","dalessamauricio","OTRXS","190007","http://pbs.twimg.com/profile_images/712608273803972608/HIBG8Me8_normal.jpg","violet"
"151455817","dalmaciomera","HSN","6191","http://pbs.twimg.com/profile_images/1328396798210301953/HTUYuUNa_normal.jpg","lightblue"
"31133330","danielscioli","PEN","1400802","http://pbs.twimg.com/profile_images/1115595379410497537/nWzBDSXP_normal.jpg","lightblue"
"8952422","danyvilar","HCDN","16621","http://pbs.twimg.com/profile_images/1242848583449292800/DK_-x1G5_normal.jpg","lightblue"
"701791659575681024","dariomartinezpj","PEN","9056","http://pbs.twimg.com/profile_images/1087561577803468800/1gtPZLl__normal.jpg","lightblue"
"1048981442","davidsnqn","HCDN","6914","http://pbs.twimg.com/profile_images/1045433658071384064/CCpV7RgI_normal.jpg","yellow"
"34455479","diegosantilli","PROVINCIAL","373214","http://pbs.twimg.com/profile_images/1368782455625420801/4i49Vn4m_normal.jpg","yellow"
"231239794","dinarezi","HCDN","10434","http://pbs.twimg.com/profile_images/1279852705649917952/gboKJAI9_normal.jpg","yellow"
"278320295","dipnataliavilla","HCDN","13887","http://pbs.twimg.com/profile_images/1339783810515304448/2cPtEDPF_normal.jpg","yellow"
"287194322","dipwaltercorrea","HCDN","14428","http://pbs.twimg.com/profile_images/1225391065647271936/3Gzxk_j5_normal.jpg","lightblue"
"4449919888","ditulliojuli","PROVINCIAL","139183","http://pbs.twimg.com/profile_images/676519234244124674/k4uUtH8V_normal.jpg","lightblue"
"299298402","dmvasco","OTRXS","30797","http://pbs.twimg.com/profile_images/1314621129873666050/7wYeIH4D_normal.jpg","violet"
"17449646","eavogadro","PROVINCIAL","23596","http://pbs.twimg.com/profile_images/1353033608995475457/zuTu9vTt_normal.jpg","yellow"
"101065831","educace","HCDN","8791","http://pbs.twimg.com/profile_images/918613567280164864/9ggBIsu5_normal.jpg","yellow"
"43780902","edumacchiavelli","PROVINCIAL","30884","http://pbs.twimg.com/profile_images/1357032635722313729/y5K9ozDT_normal.jpg","yellow"
"41354969","eflangan","HCDN","9776","http://pbs.twimg.com/profile_images/1288923384374583297/M8xZusmg_normal.jpg","yellow"
"1006431284","eldapertile","HCDN","1905","http://pbs.twimg.com/profile_images/1294751705926696965/ndACqB9Q_normal.jpg","lightblue"
"1578961946","elisacarrio","OTRXS","1234930","http://pbs.twimg.com/profile_images/718212477725581312/nP2TxZpu_normal.jpg","yellow"
"199939113","enriquezjorge","HCDN","7750","http://pbs.twimg.com/profile_images/1249818773869285376/b3ytld5P_normal.jpg","yellow"
"327429889","espinolacamau","HSN","9938","http://pbs.twimg.com/profile_images/880178422248558592/QnVSWu9m_normal.jpg","lightblue"
"17429002","estebanbullrich","HSN","582417","http://pbs.twimg.com/profile_images/1341758698146967555/VGwesDJr_normal.jpg","yellow"
"482223923","estelaregidorok","HCDN","4536","http://pbs.twimg.com/profile_images/1198297227606810624/wM4q1RvG_normal.jpg","yellow"
"253368522","eugecatalfamo","HSN","3998","http://pbs.twimg.com/profile_images/1367225423663407105/Pq7ijz5a_normal.jpg","blue"
"168832082","eugenioburzaco","OTRXS","8046","http://pbs.twimg.com/profile_images/993869759119855618/rAG-TNW3_normal.jpg","yellow"
"50445713","fabiojquetglas","HCDN","12266","http://pbs.twimg.com/profile_images/1100941076771278848/phCY7FE8_normal.jpg","yellow"
"37105151","fangelini","HCDN","17368","http://pbs.twimg.com/profile_images/1148302907563008000/ols7KphE_normal.jpg","yellow"
"351974249","fedefrigerio","HCDN","1395","http://pbs.twimg.com/profile_images/1200471772388380675/XsFqo6wn_normal.jpg","yellow"
"69130622","fedesalvai","OTRXS","46259","http://pbs.twimg.com/profile_images/1027537868988854272/i910MHum_normal.jpg","yellow"
"16492551","fedesturze","OTRXS","168891","http://pbs.twimg.com/profile_images/1316154035137908742/GpopI0kI_normal.jpg","yellow"
"35776604","felipe_sola","PEN","287179","http://pbs.twimg.com/profile_images/1048221677551865858/ySlsFHi1_normal.jpg","lightblue"
"151953199","fpensar","OTRXS","32697","http://pbs.twimg.com/profile_images/986985783168045063/nBY8KnGC_normal.jpg","yellow"
"164774579","frigeriorogelio","OTRXS","512634","http://pbs.twimg.com/profile_images/826828101925609473/hp3cXLVU_normal.jpg","yellow"
"705158078","fsancheznqn","HCDN","16989","http://pbs.twimg.com/profile_images/1285781883037650953/7NfxL8yR_normal.jpg","yellow"
"299371033","fstraface","PROVINCIAL","3118","http://pbs.twimg.com/profile_images/1023943906617188352/x9oBE4Cf_normal.jpg","yellow"
"247047815","fsuarezlastra","HCDN","17927","http://pbs.twimg.com/profile_images/1254050403601256449/Yc4jrTEv_normal.jpg","yellow"
"301492316","fvallejoss","HCDN","84403","http://pbs.twimg.com/profile_images/1129176419509125120/ZJ_u8T8b_normal.jpg","lightblue"
"38078904","gabicerru","HCDN","264381","http://pbs.twimg.com/profile_images/1045792929372131328/v6mnFT1m_normal.jpg","lightblue"
"1598951042","gabiestevezok","HCDN","40685","http://pbs.twimg.com/profile_images/1363923852124950528/ojjoV4W2_normal.jpg","lightblue"
"35778170","gabimichetti","OTRXS","1055090","http://pbs.twimg.com/profile_images/912690660913840129/WCahsnUL_normal.jpg","yellow"
"2883216219","gabrielamlena","HCDN","3489","http://pbs.twimg.com/profile_images/1337127505065635840/LG7J4iGF_normal.jpg","yellow"
"308076846","gabrielfrizza","HCDN","5708","http://pbs.twimg.com/profile_images/1266354029573087232/FEtXyR8H_normal.jpg","yellow"
"210125808","gcaselles","HCDN","459","http://pbs.twimg.com/profile_images/1200760685/165374_122561394477453_100001707792302_142905_4599384_n_normal.jpg","lightblue"
"37494271","gcba","PROVINCIAL","1888239","http://pbs.twimg.com/profile_images/1368759781629063168/12qqsAfN_normal.jpg","yellow"
"298258503","gcipolini","HCDN","784","http://pbs.twimg.com/profile_images/1352527006/twitter_normal.jpg","yellow"
"1469894064","german_garavano","OTRXS","99245","http://pbs.twimg.com/profile_images/1191527280222392321/lW5cSzZZ_normal.jpg","yellow"
"3292013879","giacopposilvia","HSN","6227","http://pbs.twimg.com/profile_images/1029020737292644352/IAZklizt_normal.jpg","yellow"
"229457613","ginesggarcia","PEN","202131","http://pbs.twimg.com/profile_images/1334461198167912454/PzAFzZVC_normal.jpg","lightblue"
"368746304","gkatopodis","PEN","75453","http://pbs.twimg.com/profile_images/1274527086858907652/pp5a0QB4_normal.jpg","lightblue"
"62619172","gladys_gonzalez","HSN","58935","http://pbs.twimg.com/profile_images/1367176969557856256/At-gdCXn_normal.jpg","yellow"
"148536486","gmmarangoni","OTRXS","31042","http://pbs.twimg.com/profile_images/1147107684312899584/eiPTn1Cw_normal.jpg","violet"
"883754195010158593","gondelcerro","HCDN","1328","http://pbs.twimg.com/profile_images/885785119855915008/nN6Rrd_V_normal.jpg","yellow"
"164335332","gracielaocana","HCDN","259815","http://pbs.twimg.com/profile_images/885989964722429952/17BWJhux_normal.jpg","yellow"
"217169311","gsandleris","OTRXS","32421","http://pbs.twimg.com/profile_images/1040590304351608832/5m350FFj_normal.jpg","yellow"
"281180560","guillermosnopek","HSN","4645","http://pbs.twimg.com/profile_images/1125384312491335681/GqDg83xb_normal.jpg","lightblue"
"867022208555732994","gustamenna","HCDN","7131","http://pbs.twimg.com/profile_images/872641617106268161/-OldN-Q3_normal.jpg","yellow"
"890281511630626817","gustavohein_","HCDN","1855","http://pbs.twimg.com/profile_images/1063806041513697285/2g_UaIVg_normal.jpg","yellow"
"3028492511","gustavomelella","PROVINCIAL","9186","http://pbs.twimg.com/profile_images/1178146397570371589/mpyheV8l_normal.jpg","violet"
"602332762","gustavoposse","PROVINCIAL","89310","http://pbs.twimg.com/profile_images/912744639505027073/lTs2qsjA_normal.jpg","yellow"
"607590053","gustavovaldesok","PROVINCIAL","40596","http://pbs.twimg.com/profile_images/1340114999533035523/b7PC4CwC_normal.jpg","yellow"
"105180935","herlombardi","OTRXS","261344","http://pbs.twimg.com/profile_images/887042609427996672/s11SmHYr_normal.jpg","yellow"
"180392548","hernanberisso","HCDN","6431","http://pbs.twimg.com/profile_images/1266767570952208386/H8OoHCU7_normal.jpg","yellow"
"707334512","hernanlacunza","OTRXS","42155","http://pbs.twimg.com/profile_images/1224952238923272198/9XWNfWiX_normal.jpg","yellow"
"187354449","herrerayflia","PROVINCIAL","34658","http://pbs.twimg.com/profile_images/1204420528943063040/LqGuAcFc_normal.jpg","lightblue"
"77009449","horaciorlarreta","PROVINCIAL","1626587","http://pbs.twimg.com/profile_images/1368767866900733954/h2FKJhvh_normal.jpg","yellow"
"208700008","hperezaraujo","HCDN","2157","http://pbs.twimg.com/profile_images/1267493700118229000/O8P8sWUh_normal.jpg","lightblue"
"716750606334103552","igon_santiago","HCDN","8259","http://pbs.twimg.com/profile_images/792757670428237824/_QoMvf-B_normal.jpg","lightblue"
"339246511","ines_byd","PROVINCIAL","12873","http://pbs.twimg.com/profile_images/1207815771688226816/Z6QO8YoS_normal.jpg","yellow"
"779498837236916224","insfran_gildo","PROVINCIAL","11694","http://pbs.twimg.com/profile_images/1063458118586241035/qwi6Don3_normal.jpg","lightblue"
"4919962521","inst_PATRIAar","OTRXS","109532","http://pbs.twimg.com/profile_images/917755585487044610/P3cmEuF3_normal.jpg","lightblue"
"150123282","ipetrella","OTRXS","30689","http://pbs.twimg.com/profile_images/658778384860844033/hWQKy-Af_normal.jpg","yellow"
"118784071","jaicega","HCDN","2859","http://pbs.twimg.com/profile_images/1335219669838467076/8kFOvRtF_normal.jpg","yellow"
"1242641029737656321","javiercamposok","HCDN","1414","http://pbs.twimg.com/profile_images/1242642337370603520/Wfy76yRq_normal.jpg","yellow"
"351953986","jlespert","OTRXS","491905","http://pbs.twimg.com/profile_images/1311012287004774400/0JcTVDwx_normal.jpg","slategrey"
"143852870","jmcapitanich","PROVINCIAL","255137","http://pbs.twimg.com/profile_images/1308210383224745986/Atm4m_TD_normal.jpg","lightblue"
"155044742","jorgeelacoste","HCDN","1599","http://pbs.twimg.com/profile_images/1253012301126471680/Cj4_7sHE_normal.jpg","yellow"
"730423200996274176","jorgeferraresi","PEN","59225","http://pbs.twimg.com/profile_images/1327220735887208449/6N4AnybP_normal.jpg","lightblue"
"38494089","jorgemacri","PROVINCIAL","184838","http://pbs.twimg.com/profile_images/1055885506402246656/pQi7T43l_normal.jpg","yellow"
"233577586","joselriccardo","HCDN","3863","http://pbs.twimg.com/profile_images/922555239366123522/LAaFeI5l_normal.jpg","yellow"
"19722366","joseluisgioja","HCDN","103877","http://pbs.twimg.com/profile_images/1244441714137477122/KJUvxD_r_normal.jpg","lightblue"
"203147154","josenunezjurado","HCDN","5258","http://pbs.twimg.com/profile_images/1277615985265164289/fwvmK75o_normal.jpg","yellow"
"307976282","jromero581","HCDN","1026","http://pbs.twimg.com/profile_images/1304568649211092993/9Ubyu5z9_normal.jpg","lightblue"
"148752676","juanabalmedina","OTRXS","211155","http://pbs.twimg.com/profile_images/1369079516472172549/xUtB0Pa9_normal.jpg","lightblue"
"27515656","juancabandie","PEN","244564","http://pbs.twimg.com/profile_images/1274540961784311809/huZrRTtT_normal.jpg","lightblue"
"77897441","juancurutchet","OTRXS","16155","http://pbs.twimg.com/profile_images/819952270578249730/4gxMa24a_normal.jpg","yellow"
"1095773453855137794","juanjomalvinas","OTRXS","62408","http://pbs.twimg.com/profile_images/1170365965516845058/eRQZ2tbx_normal.jpg","slategrey"
"3300047038","juanmariopais","HSN","4257","http://pbs.twimg.com/profile_images/710520600687677440/bUukTjKh_normal.jpg","lightblue"
"1204880494288093184","juanvazquezdip","HCDN","326","http://pbs.twimg.com/profile_images/1204881765124464640/1Mn8gI75_normal.jpg","lightblue"
"18466094","juliocobos","HSN","197579","http://pbs.twimg.com/profile_images/1203343908295626752/8cp9kqu3_normal.jpg","yellow"
"161308045","jusgobar","PEN","133168","http://pbs.twimg.com/profile_images/1332531324217929728/z8D4vRzS_normal.jpg","lightblue"
"519497576","larroqueandres","HCDN","110827","http://pbs.twimg.com/profile_images/729818743526834176/eDvSeQoK_normal.jpg","lightblue"
"23677018","lauritalonso","OTRXS","342723","http://pbs.twimg.com/profile_images/1365674383453347843/dG_7vACA_normal.jpg","yellow"
"1631369960","laurmachado","HSN","21222","http://pbs.twimg.com/profile_images/878306999544532992/ayAyqxrO_normal.jpg","yellow"
"3365136485","leonormartinezv","HCDN","2970","http://pbs.twimg.com/profile_images/1339316557705584640/QOdgIZHE_normal.jpg","yellow"
"717048187274575874","ljuez","HCDN","46579","http://pbs.twimg.com/profile_images/1267805528778051589/K5dneDOf_normal.jpg","yellow"
"330546547","lmetchevehere","OTRXS","39929","http://pbs.twimg.com/profile_images/1345117478104551425/nyeuRWuH_normal.jpg","yellow"
"703482990","lorematzen","HCDN","5267","http://pbs.twimg.com/profile_images/1344371197409189890/0Q9BuMyS_normal.jpg","yellow"
"527663666","ludeponti","PROVINCIAL","31761","http://pbs.twimg.com/profile_images/1301937623053856774/HPnkUB8Z_normal.jpg","lightblue"
"277287300","luisnaidenoff","HSN","33250","http://pbs.twimg.com/profile_images/1227667349047775233/_Kq8moPI_normal.jpg","yellow"
"206747178","luispastori","HCDN","5965","http://pbs.twimg.com/profile_images/418372189818060801/YrjvF_kV_normal.jpeg","yellow"
"52439980","luispetri","HCDN","46292","http://pbs.twimg.com/profile_images/1293538534457061378/ZRQbRWB7_normal.jpg","yellow"
"2415876295","mabyburgos","HCDN","6517","http://pbs.twimg.com/profile_images/1198781734004895744/sChfcXXt_normal.jpg","yellow"
"1584076484","magariovero","PROVINCIAL","171660","http://pbs.twimg.com/profile_images/1300249618643595264/vlRqMGcE_normal.jpg","lightblue"
"159964842","maluisastorani","OTRXS","13924","http://pbs.twimg.com/profile_images/1367872182169329666/YnZwALr0_normal.jpg","yellow"
"593781032","mara_ruiz_malec","PROVINCIAL","9525","http://pbs.twimg.com/profile_images/1236001573312114693/t_m757MR_normal.jpg","lightblue"
"155740660","marcoscleri","HCDN","13238","http://pbs.twimg.com/profile_images/1330911930794577932/ag3ofFFy_normal.jpg","lightblue"
"134910253","marianorecalde","HSN","238086","http://pbs.twimg.com/profile_images/1289545208670158848/Rnk-QeI2_normal.jpg","lightblue"
"3237099209","marioaleito","HCDN","6057","http://pbs.twimg.com/profile_images/1194035030357622796/e56p9Ndt_normal.jpg","lightblue"
"234441059","mariomeoni","PEN","31601","http://pbs.twimg.com/profile_images/1274701660204535810/aRtsi-Qt_normal.jpg","lightblue"
"267784293","marioraulnegri","HCDN","193475","http://pbs.twimg.com/profile_images/1042446986371321858/ZVKQC5TA_normal.jpg","yellow"
"109040582","mariuvidal","OTRXS","1624564","http://pbs.twimg.com/profile_images/1221060790226210816/wJFWdnOW_normal.jpg","yellow"
"29622459","marquitospena","OTRXS","817040","http://pbs.twimg.com/profile_images/1191762016643506176/yr9QMtyJ_normal.jpg","yellow"
"180536299","martinezdolom","HCDN","2580","http://pbs.twimg.com/profile_images/1150904275259789317/bPTjW_9S_normal.jpg","yellow"
"24900072","mauriciomacri","OTRXS","5117792","http://pbs.twimg.com/profile_images/653558348273569792/joxg8DZD_normal.png","yellow"
"169579393","mauricloss","HSN","39332","http://pbs.twimg.com/profile_images/1270829809279606784/u-OhIjmU_normal.jpg","yellow"
"112822128","mayrasmendoza","PROVINCIAL","159819","http://pbs.twimg.com/profile_images/1062396891743313921/CE7Q61gA_normal.jpg","lightblue"
"143689068","minsaurralde","PROVINCIAL","361866","http://pbs.twimg.com/profile_images/751849573400928256/XcwA5DeD_normal.jpg","lightblue"
"1911186721","mirabellarob","HSN","3932","http://pbs.twimg.com/profile_images/1065260991200591873/LMThQgfe_normal.jpg","lightblue"
"549562216","mirtatundis","HCDN","21471","http://pbs.twimg.com/profile_images/892463353880293377/z5bBq74I_normal.jpg","lightblue"
"829043697421533184","mmlosardo","PEN","31723","http://pbs.twimg.com/profile_images/1294430653954625552/T6VZ_Kwt_normal.jpg","lightblue"
"284783298","monzoemilio","OTRXS","59218","http://pbs.twimg.com/profile_images/1298415622431350784/MnFnbb81_normal.jpg","yellow"
"189980904","mpcasaretto","HCDN","1319","http://pbs.twimg.com/profile_images/1150146564234653696/D3lUY04x_normal.png","lightblue"
"35799843","mpiccolomini","HCDN","1295","http://pbs.twimg.com/profile_images/1056976946171691008/kyykKElb_normal.jpg","yellow"
"1069556234","mrmartinez55","HCDN","4255","http://pbs.twimg.com/profile_images/1242657559481368576/_3oWaKZE_normal.jpg","lightblue"
"144929758","msalnacion","PEN","530903","http://pbs.twimg.com/profile_images/1332479745326460929/oQQKYOOx_normal.jpg","lightblue"
"300602136","muramartin","PROVINCIAL","2307","http://pbs.twimg.com/profile_images/1368925016839032832/xboGYjeW_normal.jpg","yellow"
"332993154","myriambregman","PROVINCIAL","159323","http://pbs.twimg.com/profile_images/1334634693778690049/tbGKa-xt_normal.jpg","red"
"174409008","nancysgonzalez","HSN","9751","http://pbs.twimg.com/profile_images/1014861608152072192/xRk_pNEu_normal.jpg","lightblue"
"257432060","nestorpitrola","OTRXS","50146","http://pbs.twimg.com/profile_images/1124077949651648514/N5ODV9Vx_normal.png","red"
"198756401","nilda_garre","OTRXS","151953","http://pbs.twimg.com/profile_images/628025313671409664/AYESgvBX_normal.jpg","lightblue"
"888107793000968195","noragimenezok","HSN","957","http://pbs.twimg.com/profile_images/1229800963759919104/hSGYbZTM_normal.jpg","lightblue"
"208776673","omarchafifelix","HCDN","4513","http://pbs.twimg.com/profile_images/929586257709228034/e6X81MD8_normal.jpg","lightblue"
"40741753","omardemarchi","HCDN","21470","http://pbs.twimg.com/profile_images/1202017304218886145/J7FjRNdM_normal.jpg","yellow"
"61631756","omarperotti","PROVINCIAL","47951","http://pbs.twimg.com/profile_images/1242778720630439942/ZWoNNdxu_normal.jpg","yellow"
"95970921","pabloavelluto","OTRXS","35390","http://pbs.twimg.com/profile_images/1191407744542216192/_d1lOHsB_normal.jpg","yellow"
"1304555474596093954","paolavessvess","HCDN","267","http://pbs.twimg.com/profile_images/1304565813177921537/FeUKz3LX_normal.jpg","lightblue"
"179679166","parola_graciela","HCDN","153","http://pbs.twimg.com/profile_images/909042148137406464/sXBwhF3L_normal.jpg","lightblue"
"2333002839","patriciamounier","HCDN","1712","http://pbs.twimg.com/profile_images/1242798279194284034/LOKaBy3G_normal.jpg","lightblue"
"380741459","pau_oliveto","HCDN","147182","http://pbs.twimg.com/profile_images/812018016980496384/hM1eBa8p_normal.jpg","yellow"
"974700736775847937","paulocassinerio","HCDN","3910","http://pbs.twimg.com/profile_images/976198912716492800/gwyBcYFh_normal.jpg","blue"
"226552041","pilattivergara","HSN","8326","http://pbs.twimg.com/profile_images/1128633090744758273/4zxyU5zS_normal.jpg","lightblue"
"18143118","proargentina","OTRXS","249302","http://pbs.twimg.com/profile_images/1293342070984380416/jH7fzGKz_normal.jpg","yellow"
"627904763","produccion_arg","PEN","247242","http://pbs.twimg.com/profile_images/1332514645278666753/4Qq3kZ1S_normal.jpg","lightblue"
"163162392","pyedlin","HCDN","11841","http://pbs.twimg.com/profile_images/1234211434562756611/ctHWINEz_normal.jpg","lightblue"
"2831711691","ramirofpatri","HCDN","2271","http://pbs.twimg.com/profile_images/1242673364017336321/atkkX33B_normal.jpg","lightblue"
"60534269","rctagliaferro","OTRXS","28208","http://pbs.twimg.com/profile_images/1204827611421167616/vA6CTEeH_normal.jpg","yellow"
"174010839","rgillavedra","OTRXS","82758","http://pbs.twimg.com/profile_images/3659823510/00f902fb3a787345131eb6506bd41429_normal.jpeg","violet"
"989013212","ricardodaives","HCDN","703","http://pbs.twimg.com/profile_images/1190072284163330048/QHXcwNQ__normal.jpg","lightblue"
"83719928","rlopezmurphy","OTRXS","97185","http://pbs.twimg.com/profile_images/2397613683/p4195mq0bwrkc3ure1jb_normal.jpeg","violet"
"87741293","rlorenzetti","OTRXS","83593","http://pbs.twimg.com/profile_images/795786666212544512/ev-xCbhZ_normal.jpg","violet"
"198883031","rodotailhade","HCDN","88551","http://pbs.twimg.com/profile_images/1214539098410631169/OAAIpiQS_normal.jpg","lightblue"
"93763185","rodysuarez","PROVINCIAL","58062","http://pbs.twimg.com/profile_images/1294104529739362304/3-6JCBRd_normal.jpg","yellow"
"535633686","rossi_delfina","PROVINCIAL","42901","http://pbs.twimg.com/profile_images/1242648716529610753/jIe9YPLE_normal.jpg","lightblue"
"251550471","sacnun","HSN","8565","http://pbs.twimg.com/profile_images/1244454049199599616/h537Pp8f_normal.jpg","lightblue"
"249976489","sanchezfdo","OTRXS","51464","http://pbs.twimg.com/profile_images/609471099206823936/thzqINqa_normal.jpg","yellow"
"928093098034462720","sapag_silvia","HSN","1227","http://pbs.twimg.com/profile_images/1142992735382769664/dKau31tZ_normal.jpg","lightblue"
"162099154","sbatakis","OTRXS","49970","http://pbs.twimg.com/profile_images/1328555671521026049/h5gZmMi__normal.jpg","lightblue"
"17946159","sergiobergman","OTRXS","110372","http://pbs.twimg.com/profile_images/1214557834869764096/XqUzT2Xp_normal.jpg","yellow"
"586933252","sergiounac","PROVINCIAL","34199","http://pbs.twimg.com/profile_images/1060593443385344001/wQqJErgg_normal.jpg","blue"
"162181568","slospennato","HCDN","34764","http://pbs.twimg.com/profile_images/1031293810968547328/2xS_Q5no_normal.jpg","yellow"
"738526767661649920","soniagtarragona","PEN","617","http://pbs.twimg.com/profile_images/1019600974275629056/7q2_Ry3f_normal.jpg","lightblue"
"252168075","spitta1969","OTRXS","67786","http://pbs.twimg.com/profile_images/1102551648927432710/u5poKSi__normal.png","yellow"
"560505449","tolourtubey","OTRXS","8537","http://pbs.twimg.com/profile_images/967025743623524358/Ijer60sE_normal.jpg","blue"
"247540617","trottanico","PEN","133600","http://pbs.twimg.com/profile_images/1274695165882642432/pJwwhDKw_normal.jpg","lightblue"
"806162898800283649","vanemassetani","HCDN","2856","http://pbs.twimg.com/profile_images/1136654096784601089/OJcXCw60_normal.png","lightblue"
"389098096","vicky_rosso","HCDN","527","http://pbs.twimg.com/profile_images/1229907755189841922/m9zyvEUO_normal.jpg","lightblue"
"179675345","vikidonda","PEN","245420","http://pbs.twimg.com/profile_images/1242856242625773568/OgbXncb0_normal.jpg","lightblue"
"369120654","wadodecorrido","PEN","303146","http://pbs.twimg.com/profile_images/1142155698660360193/kOXLJnd1_normal.png","lightblue"
